well_id,date,value,aquifer_id
311098,2015-02-24,170.92,3
311099,2015-02-24,170.18,3
311099,2015-03-31,170.51,3
311099,2015-06-19,169.73,3
311099,2015-08-31,171.19,3
311099,2015-10-22,171.68,3
311099,2016-01-23,171.23,3
311099,2016-07-16,170.72,3
311099,2018-08-09,170.96,3
311099,2018-11-02,171.67,3
311099,2019-01-08,171.34,3
311099,2019-03-29,171.01,3
311099,2019-07-21,170.72,3
311137,2015-02-23,192.59,3
311137,2015-03-30,193.18,3
311137,2015-06-17,192.97,3
311137,2015-08-30,193.3,3
311137,2015-10-19,193.71,3
311137,2016-01-22,193.32,3
311137,2016-07-15,192.89,3
311137,2018-08-07,193.01,3
311137,2018-10-31,193.37,3
311137,2019-01-06,193.15,3
311137,2019-03-27,192.85,3
311312,2015-02-25,181.71,3
311312,2015-03-31,181.5,3
311312,2015-06-18,181.23,3
311312,2015-08-31,181.61,3
311312,2015-10-19,182.59,3
311312,2016-01-24,181.67,3
311312,2016-07-16,181.54,3
311312,2018-08-09,181.86,3
311312,2018-11-03,182.16,3
311312,2019-01-08,182.16,3
311312,2019-03-29,181.86,3
311312,2019-07-21,181.68,3
311322,2015-02-23,194.49,3
311322,2015-03-30,194.41,3
311322,2015-06-16,194.34,3
311322,2015-08-30,194.71,3
311322,2015-10-19,194.94,3
311322,2016-01-22,194.71,3
311322,2016-07-26,194.61,3
311322,2018-08-07,194.22,3
311322,2018-10-31,194.41,3
311322,2019-01-06,194.27,3
311322,2019-03-27,194.1,3
311374,2015-02-23,187.67,3
311374,2015-03-30,187.41,3
311374,2015-06-17,187.41,3
311374,2015-07-15,186.45,3
311374,2015-08-30,187.94,3
311374,2015-10-19,188.23,3
311374,2016-01-22,188.03,3
311374,2018-08-07,186.22,3
311374,2018-10-31,186.49,3
311374,2019-01-06,186.33,3
311374,2019-03-27,186.74,3
311374,2019-07-19,186.67,3
311376,2015-02-24,178.27,3
311376,2015-03-31,178.18,3
311376,2015-06-18,178.07,3
311376,2015-08-31,179.2,3
311376,2015-10-22,179.05,3
311376,2016-01-23,178.59,3
311376,2016-07-16,178.9,3
311376,2018-08-08,179.06,3
311376,2018-11-01,178.93,3
311376,2019-01-07,178.63,3
311376,2019-03-28,178.33,3
311376,2019-07-20,179.07,3
311378,2015-02-24,171.97,3
311378,2015-03-31,172.01,3
311378,2015-06-18,172.87,3
311378,2015-08-31,172.4,3
311378,2015-10-22,172.74,3
311378,2016-01-23,172.43,3
311378,2016-07-16,172.09,3
311378,2018-08-08,172.8,3
311378,2018-11-02,173.21,3
311378,2019-01-07,173.0,3
311378,2019-03-28,172.67,3
311378,2019-07-21,175.47,3
312179,2015-03-30,190.21,3
312179,2015-06-17,189.99,3
312179,2015-08-30,191.59,3
312179,2015-10-19,191.4,3
312179,2016-01-22,190.76,3
312179,2016-07-26,190.1,3
312179,2018-08-07,188.94,3
312179,2018-10-31,189.35,3
312179,2019-01-06,188.98,3
312179,2019-03-27,188.67,3
312179,2019-07-19,188.7,3
312237,2015-02-23,190.33,3
312237,2015-06-16,190.1,3
312237,2015-08-30,191.14,3
312237,2015-10-19,190.97,3
312237,2016-01-22,190.81,3
312237,2016-07-26,190.46,3
312237,2018-08-07,189.72,3
312237,2018-10-31,190.11,3
312237,2019-01-06,189.87,3
312237,2019-03-27,189.63,3
312237,2019-07-19,189.6,3
402615,2015-02-25,337.76,2
402615,2015-03-27,338.66,2
402615,2015-04-14,338.86,2
402615,2015-08-28,340.91,2
402615,2015-10-30,341.16,2
402615,2016-01-17,340.66,2
402615,2016-07-19,340.04,2
402615,2018-08-15,335.01,2
402615,2018-11-22,340.81,2
402615,2018-12-29,340.35,2
402615,2019-03-24,338.64,2
402615,2019-10-23,340.15,2
402615,2020-04-19,337.51,2
406332,2015-02-26,343.85,2
406332,2015-03-27,344.05,2
406332,2015-06-14,343.75,2
406332,2015-08-28,345.05,2
406332,2015-10-30,344.89,2
406332,2016-01-17,344.52,2
406332,2016-07-19,344.81,2
406332,2018-08-15,343.5,2
406332,2018-11-21,345.41,2
406332,2018-12-29,345.16,2
406332,2019-03-24,345.06,2
406332,2019-10-23,345.28,2
406332,2020-04-19,344.51,2
409228,2015-02-26,334.64,2
409228,2015-03-29,334.52,2
409228,2015-06-14,334.44,2
409228,2015-08-28,334.68,2
409228,2015-10-30,334.5,2
409228,2016-01-17,334.62,2
409228,2016-07-19,334.57,2
409228,2018-08-14,334.57,2
409228,2018-11-20,334.72,2
409228,2018-12-29,334.73,2
409228,2019-03-23,334.56,2
409228,2019-10-21,334.79,2
409228,2020-04-18,334.44,2
409336,2015-02-27,343.8,2
409336,2015-03-30,343.45,2
409336,2015-06-15,360.48,2
409336,2015-09-01,360.74,2
409336,2015-10-31,360.93,2
409336,2016-01-16,360.37,2
409379,2015-02-24,342.11,2
409379,2015-03-28,342.58,2
409379,2015-06-14,341.23,2
409379,2015-08-30,342.88,2
409379,2015-10-29,343.04,2
409379,2016-01-18,341.31,2
409379,2016-07-18,341.75,2
409379,2018-08-17,342.24,2
409379,2018-11-24,342.66,2
409379,2018-12-30,342.43,2
409379,2019-03-23,341.63,2
409379,2019-10-23,342.0,2
409379,2020-04-17,342.08,2
409425,2015-02-24,357.36,2
409425,2015-03-26,347.6,2
409425,2015-06-14,347.23,2
409425,2015-08-30,347.76,2
409425,2015-10-29,347.71,2
409425,2016-01-18,347.69,2
409425,2016-07-18,347.66,2
409425,2018-08-15,347.73,2
409425,2018-11-23,347.69,2
409425,2019-01-02,347.64,2
409425,2019-03-23,347.62,2
409425,2019-10-23,347.96,2
409425,2020-04-17,347.56,2
412244,2015-02-24,353.65,2
412244,2015-03-26,353.53,2
412244,2015-06-13,353.1,2
412244,2015-08-30,354.22,2
412244,2015-10-29,354.54,2
412244,2016-01-18,354.47,2
412244,2016-07-18,354.04,2
412244,2018-08-15,354.21,2
412244,2018-11-23,354.38,2
412244,2019-01-02,354.32,2
412244,2019-03-23,353.91,2
412244,2019-10-24,354.61,2
412244,2020-04-17,353.69,2
414604,2015-02-24,332.53,2
414604,2015-03-28,332.42,2
414604,2015-06-14,332.3,2
414604,2015-08-31,333.26,2
414604,2015-10-30,333.98,2
414604,2016-01-19,333.26,2
414604,2016-07-17,332.31,2
414604,2018-08-17,332.8,2
414604,2018-11-21,333.5,2
414604,2018-12-30,333.02,2
414604,2019-03-24,332.46,2
414604,2019-10-24,333.49,2
414604,2020-04-20,332.09,2
414627,2015-02-24,360.92,2
414627,2015-03-26,360.95,2
414627,2015-06-13,360.75,2
414627,2015-08-30,361.1,2
414627,2015-10-29,362.37,2
414627,2016-01-18,362.24,2
414627,2016-07-18,361.71,2
414627,2018-08-15,362.14,2
414627,2018-11-23,362.67,2
414627,2019-01-02,362.49,2
414627,2019-03-23,362.14,2
414627,2019-10-24,362.93,2
414627,2020-04-17,362.14,2
414656,2015-02-26,333.21,2
414656,2015-03-28,329.15,2
414656,2015-06-16,333.0,2
414656,2015-08-29,333.9,2
414656,2015-10-29,335.49,2
414656,2016-01-17,335.1,2
414656,2016-07-17,334.03,2
414656,2018-08-15,333.4,2
414656,2018-11-26,334.01,2
414656,2018-12-31,334.14,2
414656,2019-03-24,333.3,2
414656,2019-10-25,333.76,2
414656,2020-04-20,332.87,2
415021,2015-02-27,327.48,2
415021,2015-03-29,327.07,2
415021,2015-06-16,327.09,2
415021,2015-11-02,329.95,2
415021,2018-08-14,333.45,2
415021,2018-11-24,329.1,2
415021,2018-12-30,328.58,2
415021,2019-03-25,327.79,2
415021,2019-10-22,329.43,2
415021,2020-04-18,327.76,2
415025,2015-02-25,336.25,2
415025,2015-03-28,336.09,2
415025,2015-06-13,335.89,2
415025,2015-09-02,336.25,2
415025,2015-11-02,336.72,2
415025,2016-01-17,336.46,2
415025,2016-07-17,335.95,2
415025,2018-08-17,335.72,2
415025,2018-11-21,336.19,2
415025,2019-01-02,336.48,2
415025,2019-03-24,336.22,2
415025,2019-10-25,343.12,2
415025,2020-04-17,336.01,2
417413,2015-02-04,414.4,2
417413,2015-03-26,413.67,2
417413,2015-06-13,410.45,2
417413,2015-08-30,415.81,2
417413,2015-10-29,415.46,2
417413,2016-01-18,414.63,2
417413,2018-08-16,414.06,2
417413,2018-11-23,414.69,2
417413,2019-01-02,414.85,2
417413,2019-03-23,413.92,2
417413,2019-10-24,415.65,2
417413,2020-04-17,413.84,2
417417,2015-02-23,410.12,2
417417,2015-03-26,408.93,2
417417,2015-06-13,405.04,2
417417,2015-08-30,407.57,2
417417,2015-10-29,411.01,2
417417,2016-01-18,410.38,2
417417,2018-08-16,407.32,2
417417,2018-11-23,408.48,2
417417,2019-01-02,408.76,2
417417,2019-03-23,406.61,2
417417,2019-10-24,409.35,2
417417,2020-04-17,397.75,2
417459,2018-08-17,375.04,2
417459,2018-11-22,375.04,2
417459,2018-12-29,375.04,2
417459,2019-03-23,375.04,2
422939,2015-02-27,339.24,2
422939,2015-03-28,332.75,2
422939,2015-06-16,332.54,2
422939,2015-08-29,332.64,2
422939,2015-11-02,333.06,2
422939,2016-01-17,333.12,2
422939,2016-07-19,332.69,2
422939,2018-08-17,332.51,2
422939,2018-11-24,332.95,2
422939,2018-12-30,333.02,2
422939,2019-03-25,332.75,2
422939,2019-10-22,333.01,2
422939,2020-04-18,332.88,2
425518,2015-02-27,328.57,2
425518,2015-03-28,328.64,2
425518,2015-06-16,328.55,2
425518,2015-08-29,328.59,2
425518,2015-11-02,328.54,2
425518,2016-01-17,328.62,2
425518,2016-07-19,328.57,2
425518,2018-08-17,328.62,2
425518,2018-11-24,328.03,2
425518,2018-12-31,327.92,2
425518,2019-03-22,328.33,2
425518,2019-10-22,328.47,2
425518,2020-04-18,328.13,2
425535,2015-02-26,335.07,2
425535,2015-03-28,335.13,2
425535,2015-06-16,335.26,2
425535,2015-08-29,335.38,2
425535,2015-11-02,335.12,2
425535,2016-01-17,335.3,2
425535,2016-07-18,335.03,2
425535,2018-08-17,337.3,2
425535,2018-11-26,334.6,2
425535,2018-12-31,334.7,2
425535,2019-03-22,334.94,2
425535,2019-10-24,344.64,2
425535,2020-04-18,344.56,2
426852,2015-02-28,330.29,2
426852,2015-03-29,330.68,2
426852,2015-06-15,330.73,2
426852,2015-08-28,330.77,2
426852,2015-10-30,330.53,2
426852,2016-01-16,330.54,2
426852,2016-07-19,330.54,2
426852,2018-08-14,330.69,2
426852,2018-11-20,330.65,2
426852,2019-01-01,330.64,2
426852,2019-03-24,330.44,2
426852,2019-10-21,330.67,2
426852,2020-04-18,330.49,2
460504,2015-03-30,299.2,2
460543,2015-02-24,352.8,2
460543,2015-03-26,351.1,2
460543,2015-06-14,350.82,2
460543,2015-08-30,351.8,2
460543,2015-10-29,351.64,2
460543,2016-01-18,351.6,2
460543,2016-07-18,351.6,2
460543,2018-08-15,351.75,2
460543,2018-11-23,352.53,2
460543,2019-01-02,351.82,2
460543,2019-03-23,351.06,2
460543,2019-10-23,351.31,2
460543,2020-04-17,350.59,2
460969,2015-03-27,351.53,2
460969,2015-06-14,351.34,2
460969,2015-08-28,351.58,2
460969,2015-10-30,351.63,2
460969,2016-01-17,351.58,2
460969,2016-07-19,351.55,2
460969,2018-08-15,352.77,2
460969,2018-11-22,351.8,2
460969,2018-12-29,351.51,2
460969,2019-03-24,351.44,2
460969,2019-10-23,351.64,2
460969,2020-04-19,351.58,2
460990,2015-02-27,322.23,2
460990,2015-03-28,321.88,2
460990,2015-06-16,321.73,2
460990,2015-08-29,322.27,2
460990,2015-11-02,322.03,2
460990,2016-01-17,322.13,2
460990,2016-07-17,321.89,2
460990,2016-07-19,322.06,2
460990,2018-08-15,349.29,2
460990,2018-08-17,321.83,2
460990,2018-11-21,349.39,2
460990,2018-11-24,321.71,2
460990,2018-12-30,349.26,2
460990,2018-12-31,321.8,2
460990,2019-03-22,321.45,2
460990,2019-03-24,349.04,2
460990,2019-10-22,321.77,2
460990,2019-10-24,349.27,2
460990,2020-04-18,320.92,2
461074,2015-02-27,296.8,2
461074,2015-03-30,296.3,2
461074,2015-06-15,295.92,2
461074,2015-09-01,296.9,2
461074,2015-10-31,298.58,2
461074,2016-01-16,297.88,2
461074,2016-07-20,296.6,2
461074,2018-08-14,295.74,2
461074,2018-11-20,296.63,2
461074,2019-01-01,296.1,2
461074,2019-03-22,294.07,2
461074,2019-10-22,296.39,2
461074,2020-04-19,294.03,2
461179,2015-02-27,296.36,2
461179,2015-03-30,296.0,2
461179,2015-06-15,295.09,2
461179,2015-09-01,296.45,2
461179,2015-10-31,296.96,2
461179,2016-01-16,301.26,2
461179,2016-07-20,296.5,2
461179,2018-08-14,295.83,2
461179,2018-11-20,297.02,2
461179,2019-01-01,296.68,2
461179,2019-03-22,296.1,2
461179,2019-10-22,296.7,2
461179,2020-04-19,295.23,2
461201,2015-02-27,293.98,2
461201,2015-03-28,293.66,2
461201,2015-06-15,293.82,2
461201,2015-09-01,293.56,2
461201,2015-10-30,293.85,2
461201,2016-01-16,293.88,2
461201,2016-07-20,293.78,2
461201,2018-08-14,291.78,2
461201,2018-11-20,292.89,2
461201,2019-01-01,293.1,2
461201,2019-03-22,293.1,2
461201,2019-10-22,292.82,2
461201,2020-04-19,292.35,2
463314,2015-02-28,328.21,2
463314,2015-03-29,328.47,2
463314,2015-06-15,328.53,2
463314,2015-08-28,328.66,2
463314,2015-10-30,328.62,2
463314,2016-01-16,328.44,2
463314,2016-07-19,328.56,2
463314,2018-08-14,328.34,2
463314,2018-11-20,328.4,2
463314,2019-01-01,328.3,2
463314,2019-03-24,328.17,2
463314,2019-10-21,328.36,2
463314,2020-04-18,328.21,2
463758,2015-02-23,350.66,2
463758,2015-03-27,351.02,2
463758,2015-06-13,350.47,2
463758,2015-08-30,350.79,2
463758,2015-10-29,351.99,2
463758,2016-01-18,350.97,2
463758,2016-07-16,350.87,2
463758,2018-08-16,360.67,2
463758,2018-11-21,360.67,2
463758,2018-12-29,360.67,2
463758,2019-03-23,360.67,2
463760,2015-02-24,348.9,2
463760,2015-03-26,348.45,2
463760,2015-06-13,348.38,2
463760,2015-08-31,350.46,2
463760,2015-10-29,350.03,2
463760,2016-01-18,349.38,2
463760,2016-07-18,350.65,2
463760,2018-08-15,349.7,2
463760,2018-11-24,349.72,2
463760,2018-12-30,349.5,2
463760,2019-03-24,348.95,2
463760,2019-10-23,350.16,2
463760,2020-04-17,348.66,2
463761,2015-02-23,395.38,2
463761,2015-03-26,395.18,2
463761,2015-06-13,395.07,2
463761,2015-08-30,396.73,2
463761,2015-10-29,396.46,2
463761,2016-01-18,395.74,2
463761,2016-07-16,394.65,2
463761,2018-08-16,395.7,2
463761,2018-11-23,395.77,2
463761,2019-01-02,395.61,2
463761,2019-03-23,394.79,2
463761,2019-10-24,396.63,2
463761,2020-04-17,394.75,2
463763,2015-02-28,320.36,2
463763,2015-03-29,320.28,2
463763,2015-06-15,320.13,2
463763,2015-09-01,322.23,2
463763,2015-10-31,322.46,2
463763,2016-01-16,321.95,2
463763,2016-07-15,321.18,2
463763,2018-08-14,320.13,2
463763,2018-11-20,321.21,2
463763,2019-01-01,321.48,2
463763,2019-03-22,321.1,2
463763,2019-10-21,321.79,2
463763,2020-04-18,320.9,2
463769,2015-02-23,353.91,2
463769,2015-03-27,353.78,2
463769,2015-06-13,353.58,2
463769,2015-08-31,354.99,2
463769,2015-10-29,354.8,2
463769,2016-01-18,354.4,2
463769,2018-08-16,354.73,2
463769,2018-11-24,354.86,2
463769,2018-12-29,353.84,2
463769,2019-03-24,353.5,2
463769,2019-10-23,354.55,2
463769,2020-04-17,353.44,2
463770,2015-02-24,380.19,2
463770,2015-03-26,379.91,2
463770,2015-06-13,379.59,2
463770,2015-08-30,381.34,2
463770,2015-10-29,381.38,2
463770,2016-01-18,380.56,2
463770,2018-08-16,380.94,2
463770,2018-11-23,380.74,2
463770,2019-01-02,380.83,2
463770,2019-03-23,380.05,2
463906,2015-02-26,336.09,2
463906,2015-03-29,336.13,2
463906,2015-06-14,335.81,2
463906,2015-08-28,336.24,2
463906,2015-10-30,336.07,2
463906,2016-01-17,336.27,2
463906,2016-07-19,336.36,2
463906,2018-08-14,336.05,2
463906,2018-11-20,336.13,2
463906,2018-12-29,336.29,2
463906,2019-03-23,335.78,2
463906,2019-10-21,336.11,2
463906,2020-04-18,335.66,2
464050,2015-03-27,348.6,2
464050,2015-06-14,348.65,2
464050,2015-08-28,349.08,2
464050,2015-10-30,349.08,2
464050,2016-01-17,348.6,2
464050,2016-07-19,349.64,2
464050,2018-08-15,349.87,2
464050,2018-11-22,349.22,2
464050,2018-12-29,350.0,2
464050,2019-03-24,348.93,2
464050,2019-10-23,349.5,2
464050,2020-04-19,348.12,2
464219,2015-02-24,409.6,2
464219,2015-03-26,409.26,2
464219,2015-06-13,409.12,2
464219,2015-08-30,410.6,2
464219,2015-10-29,411.65,2
464219,2016-01-18,412.16,2
464219,2016-07-18,410.5,2
464219,2018-08-16,421.34,2
464219,2018-11-23,412.87,2
464219,2019-01-02,412.88,2
464219,2019-03-23,411.67,2
464219,2019-10-24,412.92,2
464219,2020-04-17,412.79,2
464290,2015-02-28,329.13,2
464290,2015-03-29,328.75,2
464290,2015-06-15,328.76,2
464290,2015-08-28,330.5,2
464290,2015-10-30,330.58,2
464290,2016-01-16,330.55,2
464290,2016-07-19,330.61,2
464290,2018-08-14,328.9,2
464290,2018-11-20,330.07,2
464290,2019-01-01,329.85,2
464290,2019-03-24,328.64,2
464290,2019-10-21,329.29,2
464290,2020-04-18,329.02,2
464642,2015-02-27,330.84,2
464642,2015-03-28,330.51,2
464642,2015-06-16,330.48,2
464642,2015-08-29,330.73,2
464642,2015-11-02,330.72,2
464642,2016-01-17,330.51,2
464642,2016-07-19,330.42,2
464642,2018-08-17,330.07,2
464642,2018-11-24,330.23,2
464642,2018-12-31,329.97,2
464642,2019-03-22,330.75,2
464642,2019-10-22,330.43,2
464642,2020-04-18,329.55,2
464802,2015-02-24,349.18,2
464802,2015-03-26,349.13,2
464802,2015-06-13,348.94,2
464802,2015-08-30,349.18,2
464802,2015-10-29,349.23,2
464802,2016-01-18,349.23,2
464802,2016-07-18,349.18,2
464802,2018-08-15,349.22,2
464802,2018-11-23,349.37,2
464802,2019-01-02,349.31,2
464802,2019-03-23,349.07,2
464802,2019-10-23,349.29,2
464802,2020-04-17,349.24,2
465040,2015-02-28,294.5,2
465040,2015-03-30,294.46,2
465040,2015-06-15,294.47,2
465040,2015-09-02,294.9,2
465040,2015-10-31,294.46,2
465040,2016-01-16,294.55,2
465040,2016-07-15,294.4,2
465040,2018-08-14,299.3,2
465040,2018-11-20,299.05,2
465040,2019-01-01,300.58,2
465040,2019-03-22,296.62,2
465040,2019-10-22,299.25,2
465040,2020-04-19,294.29,2
465738,2015-02-28,318.58,2
465738,2015-03-29,318.98,2
465738,2015-06-15,318.65,2
465738,2015-09-29,318.45,2
465738,2015-10-31,319.23,2
465738,2016-01-16,319.1,2
465738,2016-07-20,318.18,2
465738,2018-08-17,318.92,2
465738,2018-11-25,318.69,2
465738,2018-12-31,318.39,2
465738,2019-03-22,318.22,2
465738,2019-10-22,318.96,2
465738,2020-04-18,318.29,2
465750,2015-02-27,291.62,2
465750,2015-03-30,290.8,2
465750,2015-06-15,290.5,2
465750,2015-09-01,291.57,2
465750,2015-10-31,292.79,2
465750,2016-01-16,292.5,2
465750,2016-07-20,292.03,2
465750,2018-08-14,288.67,2
465750,2018-11-20,291.31,2
465750,2019-01-01,291.32,2
465750,2019-03-22,291.26,2
465750,2019-10-22,291.43,2
465750,2020-04-19,290.25,2
465752,2015-02-28,285.93,2
465752,2015-03-28,290.24,2
465752,2015-06-15,293.5,2
465752,2015-08-29,294.54,2
465752,2015-10-31,294.31,2
465752,2016-01-16,290.28,2
465752,2016-07-20,294.43,2
465752,2018-08-17,293.55,2
465752,2018-11-20,292.79,2
465752,2019-01-01,285.41,2
465752,2019-03-22,285.15,2
465752,2019-10-22,292.56,2
465752,2020-04-19,291.52,2
465755,2015-02-28,292.23,2
465755,2015-03-30,298.37,2
465755,2015-06-15,299.05,2
465755,2015-08-29,299.33,2
465755,2015-10-31,299.95,2
465755,2016-01-16,299.3,2
465755,2016-07-15,299.08,2
465755,2018-08-17,298.76,2
465755,2018-11-20,299.25,2
465755,2019-01-01,298.22,2
465755,2019-03-22,298.79,2
465755,2019-10-22,299.3,2
465755,2020-04-19,298.12,2
466183,2015-02-23,366.35,2
466183,2015-03-26,368.52,2
466183,2015-06-13,368.36,2
466183,2015-08-30,369.43,2
466183,2015-10-29,370.07,2
466183,2016-07-16,369.02,2
466183,2018-08-16,369.68,2
466183,2018-11-22,369.95,2
466183,2018-12-29,369.59,2
466183,2019-03-23,368.8,2
466183,2019-10-23,369.85,2
466183,2020-04-17,367.78,2
466186,2015-02-23,348.71,2
466186,2015-03-27,348.61,2
466186,2015-06-13,348.51,2
466186,2015-08-30,348.63,2
466186,2015-10-29,348.71,2
466186,2016-01-18,348.66,2
466186,2016-07-18,348.56,2
466186,2018-08-16,348.5,2
466186,2018-11-24,348.61,2
466186,2018-12-29,348.52,2
466186,2019-03-23,348.48,2
466186,2019-10-23,348.53,2
466186,2020-04-17,348.33,2
466189,2015-02-26,354.61,2
466189,2015-03-27,354.48,2
466189,2015-06-14,354.51,2
466189,2015-08-31,354.77,2
466189,2015-10-30,354.9,2
466189,2016-01-18,354.68,2
466189,2018-08-17,366.73,2
466189,2018-11-24,366.73,2
466189,2018-12-29,366.73,2
466189,2018-12-30,357.6,2
466189,2019-10-24,357.88,2
466189,2020-04-20,356.71,2
466192,2015-02-25,341.55,2
466192,2015-03-28,341.72,2
466192,2015-06-13,341.65,2
466192,2015-08-28,341.97,2
466192,2015-10-30,342.19,2
466192,2016-01-18,341.97,2
466192,2016-07-17,341.44,2
466192,2018-08-15,341.75,2
466192,2018-11-22,355.3,2
466192,2018-12-29,355.3,2
466192,2019-03-24,355.3,2
466193,2015-02-25,348.58,2
466193,2015-03-27,348.45,2
466193,2015-06-14,348.18,2
466193,2015-08-31,348.2,2
466193,2015-10-30,348.48,2
466193,2016-07-17,348.07,2
466193,2018-08-15,347.66,2
466193,2018-11-22,347.96,2
466193,2018-12-29,347.92,2
466193,2019-03-24,347.58,2
466193,2019-10-23,347.74,2
466193,2020-04-19,347.31,2
466199,2015-02-24,337.82,2
466199,2015-03-28,337.67,2
466199,2015-06-14,337.5,2
466199,2015-08-31,337.71,2
466199,2015-10-30,338.3,2
466199,2016-01-19,338.39,2
466199,2018-08-17,337.44,2
466199,2018-11-21,337.86,2
466199,2018-12-30,337.79,2
466199,2019-03-24,337.58,2
466199,2019-10-24,337.7,2
466199,2020-04-20,337.36,2
466203,2015-02-26,334.73,2
466203,2015-03-28,334.48,2
466203,2015-06-16,334.05,2
466203,2016-01-17,336.81,2
466203,2018-08-15,340.98,2
466203,2018-11-26,338.1,2
466203,2018-12-31,337.26,2
466203,2019-03-24,336.6,2
466203,2020-04-20,334.89,2
466208,2015-02-26,340.43,2
466208,2015-03-29,340.98,2
466208,2015-06-14,340.53,2
466208,2015-08-28,341.2,2
466208,2015-10-30,340.61,2
466208,2016-01-17,341.46,2
466208,2016-07-19,341.45,2
466208,2018-08-14,341.51,2
466208,2018-11-20,341.52,2
466208,2018-12-29,341.47,2
466208,2019-03-23,341.36,2
466208,2019-10-21,341.47,2
466208,2020-04-18,341.39,2
466210,2015-02-28,339.7,2
466210,2015-03-28,339.34,2
466210,2015-06-16,338.8,2
466210,2015-10-31,342.29,2
466210,2016-01-19,340.93,2
466210,2018-08-15,341.48,2
466210,2018-11-26,340.96,2
466210,2018-12-31,340.52,2
466210,2019-03-24,339.71,2
466210,2020-04-20,339.57,2
466211,2015-02-28,333.53,2
466211,2015-03-29,333.35,2
466211,2015-06-15,333.06,2
466211,2015-08-28,334.69,2
466211,2015-10-30,335.12,2
466211,2016-01-16,334.18,2
466211,2018-08-14,332.23,2
466211,2018-11-20,334.6,2
466211,2018-12-31,334.1,2
466211,2019-03-25,333.28,2
466211,2019-10-21,334.92,2
466211,2020-04-18,333.21,2
466212,2015-02-27,333.65,2
466212,2015-03-29,333.43,2
466212,2015-06-15,333.29,2
466212,2015-07-15,333.71,2
466212,2015-08-28,335.86,2
466212,2015-10-30,335.47,2
466212,2016-01-16,334.57,2
466212,2018-08-14,333.71,2
466212,2018-11-20,335.03,2
466212,2018-12-31,334.51,2
466212,2019-03-25,333.8,2
466212,2019-10-21,335.66,2
466213,2015-02-28,324.7,2
466213,2015-03-29,324.61,2
466213,2015-06-15,324.46,2
466213,2015-09-02,329.13,2
466213,2015-10-31,327.21,2
466213,2016-01-16,326.15,2
466213,2016-07-19,325.85,2
466213,2018-08-14,324.17,2
466213,2018-11-20,325.26,2
466213,2019-01-01,324.91,2
466213,2019-03-25,324.29,2
466213,2019-10-21,326.04,2
466213,2020-04-18,324.26,2
466214,2015-02-28,325.33,2
466214,2015-03-29,325.24,2
466214,2015-06-15,325.04,2
466214,2015-09-01,325.37,2
466214,2015-10-31,326.52,2
466214,2016-01-16,326.21,2
466214,2016-07-15,325.54,2
466214,2018-08-17,324.49,2
466214,2018-11-20,324.98,2
466214,2018-12-31,324.93,2
466214,2019-03-22,324.61,2
466214,2019-10-22,324.75,2
466215,2015-02-27,322.25,2
466215,2015-03-29,322.05,2
466215,2015-06-16,321.84,2
466215,2015-08-29,323.66,2
466215,2015-11-02,323.71,2
466215,2016-01-17,322.92,2
466215,2016-07-19,322.04,2
466215,2018-08-14,327.19,2
466215,2018-11-24,323.01,2
466215,2018-12-30,322.62,2
466215,2019-03-25,321.99,2
466215,2019-10-22,323.73,2
466215,2020-04-18,322.02,2
466217,2015-02-24,368.09,2
466217,2015-03-26,368.03,2
466217,2015-06-13,364.63,2
466217,2015-08-30,368.47,2
466217,2015-10-29,368.31,2
466217,2016-01-18,368.45,2
466217,2016-07-18,368.47,2
466217,2018-08-16,368.12,2
466217,2018-11-23,368.3,2
466217,2019-01-02,368.54,2
466217,2019-03-23,367.89,2
466217,2019-10-24,368.46,2
466217,2020-04-17,368.3,2
467668,2015-02-23,372.78,2
467668,2015-03-27,371.38,2
467668,2015-06-13,372.28,2
467668,2015-08-30,371.62,2
467668,2015-10-29,372.08,2
467668,2016-01-18,371.77,2
467668,2016-07-18,371.43,2
467668,2018-08-16,372.74,2
467668,2018-11-22,373.08,2
467668,2018-12-29,373.11,2
467668,2019-03-23,372.52,2
467668,2019-10-23,373.39,2
467668,2020-04-17,372.34,2
467669,2015-02-24,349.03,2
467669,2015-03-26,349.34,2
467669,2015-06-13,348.77,2
467669,2015-08-31,350.2,2
467669,2015-10-29,350.34,2
467669,2016-01-18,349.43,2
467669,2016-07-18,348.99,2
467669,2018-08-15,349.89,2
467669,2018-11-24,349.92,2
467669,2018-12-30,349.59,2
467669,2019-03-24,349.19,2
467669,2019-10-23,349.81,2
467669,2020-04-17,349.01,2
467671,2015-02-27,324.61,2
467671,2015-03-28,330.26,2
467671,2015-06-16,329.85,2
467671,2015-08-29,331.23,2
467671,2015-11-02,331.96,2
467671,2016-07-19,330.65,2
467671,2018-08-17,330.29,2
467671,2018-11-24,331.51,2
467671,2018-12-30,331.23,2
467671,2019-03-25,330.47,2
467671,2019-10-22,331.82,2
467671,2020-04-18,330.32,2
467673,2015-02-24,343.53,2
467673,2015-03-28,343.4,2
467673,2015-06-13,343.35,2
467673,2015-08-31,344.88,2
467673,2015-10-30,344.75,2
467673,2016-01-18,344.15,2
467673,2018-08-15,351.13,2
467673,2018-11-21,351.13,2
467673,2018-12-30,351.13,2
467673,2019-03-24,351.13,2
701407,1992-04-17,372.27,1
701407,2005-09-15,375.22,1
701407,2006-08-16,374.44,1
701407,2007-06-20,374.64,1
701407,2007-12-18,373.67,1
701407,2008-04-13,373.57,1
701407,2008-06-24,374.77,1
701407,2008-09-16,374.59,1
701407,2008-12-22,373.87,1
701407,2009-03-17,372.62,1
701407,2009-07-07,375.22,1
701407,2009-09-09,375.87,1
701407,2009-11-25,374.57,1
701407,2010-11-16,374.58,1
701407,2011-04-27,372.31,1
701407,2011-05-23,370.69,1
701407,2011-08-01,375.02,1
701407,2011-09-18,376.58,1
701407,2011-11-05,375.99,1
701407,2013-09-04,376.32,1
701407,2014-06-05,376.25,1
701407,2014-09-09,377.42,1
701407,2014-11-15,376.62,1
701407,2015-03-28,375.94,1
701407,2015-06-28,376.78,1
701407,2015-09-04,377.92,1
701407,2015-10-20,377.79,1
701407,2016-01-21,374.51,1
701407,2016-07-20,378.42,1
701407,2018-07-29,377.07,1
701407,2018-11-23,375.29,1
701407,2018-12-29,376.27,1
701407,2019-03-21,377.07,1
701407,2019-11-04,377.07,1
701407,2019-12-28,377.07,1
701407,2020-05-04,376.32,1
707469,2005-09-14,357.29,1
707469,2005-12-24,358.15,1
707469,2006-02-17,358.29,1
707469,2006-08-17,357.75,1
707469,2007-06-21,357.63,1
707469,2007-12-15,357.97,1
707469,2008-04-15,357.97,1
707469,2008-06-26,357.63,1
707469,2008-09-21,357.68,1
707469,2008-12-18,357.4,1
707469,2009-06-09,357.95,1
707469,2009-09-06,356.62,1
707469,2009-12-02,356.1,1
707469,2010-11-09,357.0,1
707469,2011-04-16,356.09,1
707469,2011-05-26,356.59,1
707469,2011-07-27,357.13,1
707469,2011-09-11,356.86,1
707469,2011-11-11,356.78,1
707469,2013-08-30,356.27,1
707469,2014-02-08,357.75,1
707469,2014-05-29,357.52,1
707469,2014-09-05,357.58,1
707469,2014-11-05,357.68,1
707469,2015-03-27,357.06,1
707469,2015-06-25,356.44,1
707469,2015-09-03,357.08,1
707469,2015-10-20,356.61,1
707469,2016-01-20,357.01,1
707469,2016-07-24,357.1,1
707469,2018-07-28,357.66,1
707469,2018-11-22,357.9,1
707469,2018-12-29,358.0,1
707469,2019-03-20,357.66,1
707469,2019-11-03,357.66,1
707469,2019-12-28,357.66,1
707469,2020-05-03,357.66,1
713564,1992-04-06,406.59,1
713564,1996-02-07,407.39,1
713564,1996-03-19,407.19,1
713564,1996-04-18,406.24,1
713564,1996-05-16,407.24,1
713564,1996-06-17,407.09,1
713564,1996-07-16,407.49,1
713564,1996-08-22,407.69,1
713564,1996-09-17,407.59,1
713564,1996-10-16,407.69,1
713564,1996-11-20,407.39,1
713564,1996-12-23,407.29,1
713564,1998-07-25,406.79,1
713564,1998-08-29,408.07,1
713564,1999-03-20,407.42,1
713564,2005-09-16,408.49,1
713564,2005-12-19,408.29,1
713564,2006-02-18,412.49,1
713564,2006-08-12,408.09,1
713564,2007-06-16,407.79,1
713564,2007-12-19,407.84,1
713564,2008-04-05,407.81,1
713564,2008-06-17,408.09,1
713564,2008-09-11,408.41,1
713564,2008-12-15,408.39,1
713564,2009-06-12,410.85,1
713564,2009-09-18,408.79,1
713564,2009-11-22,408.69,1
713564,2010-11-11,409.16,1
713564,2011-04-23,408.86,1
713564,2011-06-03,409.21,1
713564,2011-08-04,409.41,1
713564,2011-09-17,409.51,1
713564,2011-11-14,409.37,1
713564,2013-09-09,408.78,1
713564,2014-02-14,409.01,1
713564,2014-06-03,408.8,1
713564,2014-09-08,409.01,1
713564,2014-11-13,408.9,1
713564,2015-02-26,408.57,1
713564,2015-09-06,408.14,1
713564,2015-10-23,408.2,1
713564,2016-01-22,408.45,1
713564,2016-07-26,408.32,1
713564,2018-07-31,407.97,1
713564,2018-11-25,407.78,1
713564,2018-12-31,413.74,1
713564,2019-03-23,407.97,1
713564,2019-11-06,407.97,1
713564,2019-12-30,407.97,1
713564,2020-05-06,407.88,1
716392,1992-03-25,417.94,1
716392,1996-02-07,417.99,1
716392,1996-03-19,417.64,1
716392,1996-04-18,417.34,1
716392,1996-05-16,417.64,1
716392,1996-06-17,417.64,1
716392,1996-07-16,417.71,1
716392,1996-08-22,417.39,1
716392,1996-09-17,417.54,1
716392,1996-10-16,418.24,1
716392,1996-11-20,417.54,1
716392,1996-12-23,417.34,1
716392,1998-07-25,417.14,1
716392,1998-08-29,417.39,1
716392,1999-03-20,417.8,1
716392,2005-09-20,419.44,1
716392,2005-12-20,418.16,1
716392,2006-02-18,419.29,1
716392,2006-08-07,419.88,1
716392,2007-06-17,420.34,1
716392,2007-12-20,420.24,1
716392,2008-04-08,418.34,1
716392,2008-06-17,418.24,1
716392,2008-09-15,420.7,1
716392,2008-12-16,418.54,1
716392,2015-02-28,420.56,1
716392,2015-06-27,419.31,1
716392,2015-09-06,418.56,1
716392,2015-10-22,419.78,1
716392,2016-01-22,419.54,1
716392,2016-07-20,419.27,1
716392,2018-07-31,419.12,1
716392,2018-11-24,419.41,1
716392,2018-12-31,421.37,1
716392,2019-03-23,419.12,1
716392,2019-11-06,419.12,1
716392,2019-12-30,419.12,1
716392,2020-05-05,419.23,1
716411,1991-02-11,410.59,1
716411,2015-02-27,413.67,1
716411,2015-06-27,413.43,1
716411,2015-09-05,414.12,1
716411,2015-10-22,413.99,1
716411,2016-01-22,413.65,1
716411,2016-07-20,414.74,1
716411,2018-07-30,413.66,1
716411,2018-11-24,414.08,1
716411,2018-12-30,414.02,1
716411,2019-03-22,413.66,1
716411,2019-11-05,413.66,1
716411,2019-12-30,413.66,1
716411,2020-05-05,413.63,1
717647,1992-03-24,433.43,1
718296,1990-01-23,371.12,1
718296,2015-03-26,371.61,1
718296,2015-06-24,371.41,1
718296,2015-09-02,372.06,1
718296,2015-10-19,372.08,1
718296,2016-01-20,371.92,1
718296,2016-07-19,372.0,1
718296,2018-07-27,371.93,1
718296,2018-11-21,371.56,1
718296,2018-12-27,371.98,1
718296,2019-03-20,371.93,1
718296,2019-11-03,371.93,1
718296,2019-12-26,371.93,1
718296,2020-05-03,372.08,1
718305,1992-03-25,413.25,1
719608,1991-02-01,358.0,1
719621,2015-03-01,350.71,1
719621,2015-09-05,350.66,1
719621,2015-10-21,350.95,1
719621,2016-01-22,350.96,1
719621,2016-07-25,350.8,1
719621,2018-07-30,351.03,1
719621,2018-11-24,351.12,1
719621,2018-12-30,351.07,1
719621,2019-03-22,351.03,1
719621,2019-11-05,351.03,1
719621,2019-12-29,351.03,1
719621,2020-05-04,351.06,1
719623,1990-10-12,374.4,1
719768,1991-12-11,403.4,1
719874,2005-09-15,411.15,1
719874,2005-12-23,412.26,1
719874,2006-04-03,411.07,1
719874,2006-08-18,411.0,1
719874,2007-06-20,410.92,1
719874,2007-12-28,412.6,1
719874,2008-04-13,412.6,1
719874,2008-09-21,411.26,1
719874,2008-12-18,411.06,1
719874,2009-03-31,410.9,1
719874,2009-06-10,393.2,1
719874,2009-09-09,410.88,1
719874,2009-12-01,410.8,1
719874,2010-11-07,410.7,1
719874,2011-04-14,410.97,1
719874,2011-05-24,411.22,1
719874,2011-07-25,410.48,1
719874,2011-09-09,411.3,1
719874,2011-11-09,411.34,1
719874,2013-08-27,411.12,1
719874,2014-02-06,415.94,1
719874,2014-05-26,411.56,1
719874,2014-09-02,411.36,1
719874,2014-11-04,411.27,1
719874,2015-03-26,411.23,1
719874,2015-06-24,411.17,1
719874,2015-09-02,410.9,1
719874,2015-10-19,411.5,1
719874,2016-01-20,411.48,1
719874,2016-07-23,411.04,1
719874,2018-07-27,411.92,1
719874,2018-11-21,411.96,1
719874,2018-12-27,411.99,1
719874,2019-03-20,411.92,1
719874,2019-11-03,411.92,1
719874,2019-12-26,411.92,1
719874,2020-05-03,412.14,1
720945,1990-12-14,366.51,1
723718,1992-03-13,383.0,1
723849,1992-04-23,363.0,1
725613,1991-03-01,409.17,1
725613,2015-02-28,411.27,1
725613,2015-06-27,411.09,1
725613,2015-09-06,411.63,1
725613,2015-10-22,411.55,1
725613,2016-01-22,411.32,1
725613,2016-07-26,411.18,1
725613,2018-07-31,410.84,1
725613,2018-11-24,411.01,1
725613,2018-12-31,410.85,1
725613,2019-03-23,410.84,1
725613,2019-11-06,410.84,1
725613,2019-12-30,410.84,1
725613,2020-05-05,410.87,1
776685,2015-03-26,358.52,1
776685,2015-06-24,358.4,1
776685,2015-09-03,358.76,1
776685,2015-10-19,358.65,1
776685,2016-01-20,358.57,1
776685,2016-07-24,358.72,1
776685,2018-07-27,358.68,1
776685,2018-11-22,358.69,1
776685,2018-12-27,358.7,1
776685,2019-03-20,358.68,1
776685,2019-11-03,358.68,1
776685,2019-12-26,358.68,1
776685,2020-05-03,358.7,1
794572,2005-09-15,372.04,1
794572,2005-10-10,372.08,1
794572,2005-11-09,372.01,1
794572,2005-11-29,371.98,1
794572,2005-12-23,371.94,1
794572,2005-12-28,371.94,1
794572,2006-08-16,371.49,1
794572,2007-06-20,371.19,1
794572,2007-12-18,371.51,1
794572,2008-04-13,371.28,1
794572,2008-06-24,371.17,1
794572,2008-09-16,371.68,1
794572,2008-12-22,371.34,1
794572,2009-03-17,371.11,1
794572,2009-07-07,370.84,1
794572,2009-09-09,371.01,1
794572,2009-11-25,370.46,1
794572,2010-11-16,371.64,1
794572,2011-04-27,371.4,1
794572,2011-05-23,371.38,1
794572,2011-08-01,371.1,1
794572,2011-09-18,371.5,1
794572,2011-11-05,371.5,1
794572,2013-09-04,371.48,1
794572,2014-02-17,372.01,1
794572,2014-06-05,371.78,1
794572,2014-09-11,371.87,1
794572,2014-11-15,371.96,1
794572,2015-02-27,371.79,1
794572,2015-06-28,371.4,1
794572,2015-09-04,372.08,1
794572,2015-10-21,372.41,1
794572,2016-01-21,372.36,1
794572,2016-07-19,372.4,1
794572,2018-07-29,372.49,1
794572,2018-11-23,373.6,1
794572,2018-12-29,373.17,1
794572,2019-03-22,372.49,1
794572,2019-11-04,372.49,1
794572,2020-05-04,373.51,1
794574,2005-09-15,369.04,1
794574,2005-10-09,369.02,1
794574,2005-11-09,368.93,1
794574,2005-11-29,368.9,1
794574,2005-12-23,368.88,1
794574,2005-12-28,368.88,1
794574,2006-08-16,368.69,1
794574,2007-06-17,368.5,1
794574,2007-12-18,368.86,1
794574,2008-04-13,368.88,1
794574,2008-06-24,368.74,1
794574,2008-09-16,369.02,1
794574,2008-12-22,368.68,1
794574,2009-03-17,368.75,1
794574,2009-07-07,368.68,1
794574,2009-09-09,369.23,1
794574,2009-11-25,368.98,1
794574,2010-11-16,370.14,1
794574,2011-04-27,370.04,1
794574,2011-05-23,370.0,1
794574,2011-08-01,369.92,1
794574,2011-09-18,370.16,1
794574,2011-11-05,370.16,1
794574,2013-09-04,369.82,1
794574,2014-02-09,370.44,1
794574,2014-06-05,370.33,1
794574,2014-09-11,370.49,1
794574,2014-11-15,370.38,1
794574,2015-02-27,370.36,1
794574,2015-06-28,370.24,1
794574,2015-09-04,370.36,1
794574,2015-10-21,370.27,1
794574,2016-01-21,370.31,1
794574,2016-07-19,370.36,1
794574,2018-07-29,370.56,1
794574,2018-11-23,370.47,1
794574,2018-12-30,370.51,1
794574,2019-03-22,370.56,1
794574,2019-11-04,370.56,1
794574,2019-12-29,370.56,1
794574,2020-05-04,370.44,1
794576,2005-09-17,372.62,1
794576,2005-10-10,372.56,1
794576,2005-11-09,372.42,1
794576,2005-11-29,372.36,1
794576,2005-12-28,372.31,1
794576,2007-12-18,372.76,1
794576,2008-04-13,372.62,1
794576,2008-06-24,372.52,1
794576,2008-09-16,372.99,1
794576,2008-12-22,372.57,1
794576,2009-03-17,372.42,1
794576,2009-07-07,372.34,1
794576,2009-09-05,372.8,1
794576,2009-11-25,372.62,1
794576,2010-11-16,372.82,1
794576,2011-04-27,373.1,1
794576,2011-05-23,373.06,1
794576,2011-07-28,373.05,1
794576,2011-09-18,373.69,1
794576,2011-11-05,373.45,1
794576,2013-09-04,373.3,1
794576,2014-02-08,373.44,1
794576,2014-05-29,373.2,1
794576,2014-09-11,373.82,1
794576,2014-11-15,373.53,1
794576,2015-02-27,373.31,1
794576,2015-06-26,373.11,1
794576,2015-09-04,373.59,1
794576,2015-10-21,373.38,1
794576,2016-01-21,373.18,1
794576,2016-07-24,373.49,1
794576,2018-07-29,373.0,1
794576,2018-11-23,372.77,1
794576,2018-12-30,373.12,1
794576,2019-03-21,373.0,1
794576,2019-11-04,373.0,1
794576,2019-12-29,373.0,1
794576,2020-05-04,372.87,1
794577,2005-09-17,370.55,1
794577,2005-10-10,370.59,1
794577,2005-11-09,370.49,1
794577,2005-11-29,370.44,1
794577,2005-12-28,370.38,1
794577,2007-12-17,370.24,1
794577,2008-04-13,370.16,1
794577,2008-06-24,370.08,1
794577,2008-09-16,370.12,1
794577,2008-12-22,369.94,1
794577,2009-03-17,369.84,1
794577,2009-07-07,369.86,1
794577,2009-09-05,370.25,1
794577,2009-11-25,370.14,1
794577,2010-11-16,370.64,1
794577,2011-04-27,370.94,1
794577,2011-05-23,370.91,1
794577,2011-08-01,370.8,1
794577,2011-09-18,371.04,1
794577,2011-11-05,370.96,1
794577,2013-09-04,371.07,1
794577,2014-02-17,371.38,1
794577,2014-06-05,371.15,1
794577,2014-09-11,371.43,1
794577,2014-11-15,371.33,1
794577,2015-03-28,370.99,1
794577,2015-06-26,370.87,1
794577,2015-09-04,370.95,1
794577,2015-10-21,371.0,1
794577,2016-01-21,370.82,1
794577,2016-07-24,371.15,1
794577,2018-07-29,371.36,1
794577,2018-11-23,371.51,1
794577,2018-12-30,371.47,1
794577,2019-03-21,371.36,1
794577,2019-11-04,371.36,1
794577,2019-12-29,371.36,1
794577,2020-05-04,371.13,1
794579,2005-09-15,371.19,1
794579,2005-10-10,371.1,1
794579,2005-11-09,370.95,1
794579,2005-11-29,370.9,1
794579,2005-12-23,370.84,1
794579,2005-12-28,370.84,1
794579,2006-08-16,370.69,1
794579,2007-06-20,370.47,1
794579,2007-12-18,370.6,1
794579,2008-04-13,370.48,1
794579,2008-06-24,370.5,1
794579,2008-09-16,370.92,1
794579,2008-12-22,370.6,1
794579,2009-03-17,370.43,1
794579,2009-07-07,370.36,1
794579,2009-09-09,370.73,1
794579,2009-11-25,370.5,1
794579,2010-11-16,371.16,1
794579,2011-04-27,371.01,1
794579,2011-05-23,370.99,1
794579,2011-08-01,371.17,1
794579,2011-09-18,371.35,1
794579,2011-11-05,371.13,1
794579,2013-09-04,371.03,1
794579,2014-02-17,371.43,1
794579,2014-06-05,371.15,1
794579,2014-09-11,371.53,1
794579,2014-11-15,371.28,1
794579,2015-03-28,371.17,1
794579,2015-06-28,371.12,1
794579,2015-09-04,372.1,1
794579,2015-10-20,372.07,1
794579,2016-01-21,371.85,1
794579,2016-07-23,372.43,1
794579,2018-07-29,372.74,1
794579,2018-11-23,372.2,1
794579,2018-12-29,372.15,1
794579,2019-03-21,372.74,1
794579,2019-11-04,372.74,1
794579,2019-12-29,372.74,1
794579,2020-05-04,372.0,1
794588,2005-09-17,401.1,1
794588,2005-10-09,400.99,1
794588,2005-11-07,400.85,1
794588,2005-11-27,400.82,1
794588,2005-12-22,400.79,1
794588,2005-12-26,400.79,1
794588,2006-08-15,400.78,1
794588,2007-06-22,401.38,1
794588,2007-12-17,399.82,1
794588,2008-04-08,400.25,1
794588,2008-06-18,399.73,1
794588,2008-09-16,400.21,1
794588,2008-12-22,399.98,1
794588,2009-03-12,399.83,1
794588,2009-06-14,400.66,1
794588,2009-09-17,400.57,1
794588,2009-11-24,399.83,1
794588,2010-11-12,400.33,1
794588,2011-04-16,400.43,1
794588,2011-05-27,400.03,1
794588,2011-07-28,400.45,1
794588,2011-09-14,401.03,1
794588,2011-11-12,401.1,1
794588,2013-08-31,402.01,1
794588,2014-02-07,401.87,1
794588,2014-05-30,401.39,1
794588,2014-09-10,401.47,1
794588,2014-11-07,401.25,1
794588,2015-03-01,401.09,1
794588,2015-06-26,400.91,1
794588,2015-09-05,402.3,1
794588,2015-10-22,401.51,1
794588,2016-01-22,401.21,1
794588,2016-07-23,401.03,1
794588,2018-07-30,401.49,1
794588,2018-11-24,402.12,1
794588,2018-12-30,401.79,1
794588,2019-03-22,401.49,1
794588,2019-11-03,401.49,1
794588,2019-12-29,401.49,1
794588,2020-05-04,401.54,1
794590,2005-09-20,409.87,1
794590,2005-10-09,409.84,1
794590,2005-11-07,409.65,1
794590,2005-11-27,409.65,1
794590,2005-12-20,409.64,1
794590,2005-12-26,409.64,1
794590,2006-04-03,409.05,1
794590,2006-08-07,409.92,1
794590,2007-06-17,409.65,1
794590,2007-12-20,409.27,1
794590,2008-04-07,409.27,1
794590,2008-06-19,409.65,1
794590,2008-09-15,409.84,1
794590,2008-12-28,410.0,1
794590,2009-03-13,410.03,1
794590,2015-02-28,417.37,1
794590,2015-07-04,416.4,1
794590,2015-09-06,417.19,1
794590,2015-10-23,416.97,1
794590,2016-01-19,416.52,1
794590,2016-07-26,417.05,1
794590,2018-07-31,416.97,1
794590,2018-11-25,416.95,1
794590,2018-12-31,415.81,1
794590,2019-03-23,416.97,1
794590,2019-11-06,416.97,1
794590,2019-12-30,416.97,1
794590,2020-05-06,416.48,1
794591,2005-09-16,422.48,1
794591,2005-10-07,422.53,1
794591,2005-11-06,422.39,1
794591,2005-11-26,422.3,1
794591,2005-12-25,422.21,1
794591,2007-12-19,421.89,1
794591,2008-04-05,421.68,1
794591,2008-06-17,421.36,1
794591,2008-09-11,422.03,1
794591,2008-12-13,421.97,1
794591,2009-03-24,421.66,1
794591,2009-06-12,421.56,1
794591,2009-09-18,421.99,1
794591,2009-11-23,421.86,1
794591,2010-11-11,422.7,1
794591,2011-04-23,421.99,1
794591,2011-06-02,421.82,1
794591,2011-08-03,422.06,1
794591,2011-09-17,422.29,1
794591,2011-11-13,422.28,1
794591,2013-09-06,421.46,1
794591,2014-02-14,421.87,1
794591,2014-06-03,421.23,1
794591,2014-09-07,421.88,1
794591,2014-11-13,422.02,1
794591,2015-02-26,421.67,1
794591,2015-09-06,421.68,1
794591,2015-10-23,421.77,1
794591,2016-01-23,421.36,1
794591,2020-05-05,422.68,1
794595,2005-09-18,408.9,1
794595,2005-10-08,408.84,1
794595,2005-11-05,408.69,1
794595,2005-11-25,408.65,1
794595,2005-12-24,408.61,1
794595,2007-12-20,409.09,1
794595,2008-04-08,408.17,1
794595,2008-06-25,408.23,1
794595,2008-09-17,409.59,1
794595,2008-12-27,408.89,1
794595,2009-03-20,408.59,1
794595,2009-07-08,408.44,1
794595,2009-09-17,408.49,1
794595,2009-11-23,408.39,1
794595,2010-11-15,410.02,1
794595,2011-04-25,409.02,1
794595,2011-06-03,409.02,1
794595,2011-07-28,408.98,1
794595,2011-09-14,409.07,1
794595,2011-11-12,409.01,1
794595,2013-09-01,409.95,1
794595,2014-02-16,409.0,1
794595,2014-05-22,408.75,1
794595,2014-09-08,409.02,1
794595,2014-11-14,408.8,1
794595,2015-02-28,408.38,1
794595,2015-07-04,408.33,1
794595,2015-09-06,410.89,1
794595,2015-10-23,409.71,1
794595,2016-01-19,408.89,1
794595,2016-07-26,410.23,1
794595,2018-07-31,409.06,1
794595,2018-11-25,409.63,1
794595,2018-12-31,409.39,1
794595,2019-03-23,409.06,1
794595,2019-11-06,409.06,1
794595,2019-12-30,409.06,1
794595,2020-05-06,408.45,1
794605,2005-09-20,396.55,1
794605,2005-10-09,396.44,1
794605,2005-11-07,396.35,1
794605,2005-11-27,397.85,1
794605,2005-12-20,396.05,1
794605,2005-12-26,396.05,1
794605,2006-04-03,395.95,1
794605,2006-08-07,396.07,1
794605,2007-06-17,396.0,1
794605,2007-12-20,395.95,1
794605,2008-04-08,395.8,1
794605,2008-06-19,395.75,1
794605,2008-09-15,396.58,1
794605,2008-12-28,396.35,1
794605,2009-03-13,396.28,1
794605,2009-06-13,396.05,1
794605,2009-09-13,396.24,1
794605,2009-11-23,395.95,1
794605,2010-11-12,396.73,1
794605,2011-04-23,396.36,1
794605,2011-06-03,396.15,1
794605,2011-08-04,396.72,1
794605,2011-09-17,397.02,1
794605,2011-11-14,396.88,1
794605,2013-09-08,397.71,1
794605,2014-02-15,397.47,1
794605,2014-06-04,397.22,1
794605,2014-09-08,397.48,1
794605,2014-11-14,397.24,1
794605,2015-02-26,397.17,1
794605,2015-06-27,396.92,1
794605,2015-09-06,397.59,1
794605,2015-10-22,397.38,1
794605,2016-01-22,397.17,1
794605,2016-07-26,397.25,1
794605,2018-07-31,396.97,1
794605,2018-12-31,397.14,1
794605,2019-03-23,396.97,1
794605,2019-11-06,396.97,1
794605,2019-12-30,396.97,1
794605,2020-05-05,397.05,1
796106,1996-02-07,432.87,1
796106,1996-03-19,432.37,1
796106,1996-04-18,431.67,1
796106,1996-05-16,433.67,1
796106,1996-06-17,431.77,1
796106,1996-07-16,432.07,1
796106,1996-08-22,432.42,1
796106,1996-09-17,431.87,1
796106,1996-10-16,431.67,1
796106,1996-11-20,432.27,1
796106,1996-12-23,434.17,1
796106,1998-07-25,431.97,1
796106,1998-08-29,431.97,1
796106,1999-03-20,432.97,1
796106,2005-09-20,420.92,1
796106,2005-12-20,421.19,1
796106,2006-02-19,421.02,1
796106,2006-08-07,420.9,1
796106,2007-06-17,420.79,1
796106,2007-12-20,421.37,1
796106,2008-04-08,421.15,1
796106,2008-06-17,420.97,1
796106,2008-12-16,421.37,1
796106,2009-06-13,421.25,1
796106,2009-09-18,421.25,1
796106,2009-11-23,421.07,1
796106,2010-11-12,421.8,1
796106,2011-04-23,421.69,1
796106,2011-06-03,421.72,1
796106,2011-08-04,421.52,1
796106,2011-09-17,421.67,1
796106,2011-11-14,421.77,1
796106,2013-09-08,422.11,1
796106,2014-02-15,423.27,1
796106,2014-06-04,423.05,1
796106,2014-09-08,424.04,1
796106,2015-03-28,422.99,1
796106,2015-07-04,422.84,1
796106,2015-09-05,422.67,1
796106,2015-10-22,422.72,1
796106,2016-01-22,422.74,1
796106,2016-07-26,422.46,1
796106,2018-07-31,421.53,1
796106,2018-11-25,420.89,1
796106,2018-12-31,421.44,1
796106,2019-03-23,421.53,1
796106,2019-11-06,421.53,1
796106,2019-12-30,421.53,1
796106,2020-05-05,421.33,1
796124,2015-02-28,441.27,1
796124,2015-07-04,441.06,1
796124,2015-09-06,441.05,1
796124,2015-10-22,440.98,1
796124,2016-01-22,441.23,1
796124,2016-07-26,441.03,1
796124,2018-07-31,440.85,1
796124,2018-11-24,440.37,1
796124,2018-12-31,440.7,1
796124,2019-03-23,440.85,1
796124,2019-11-06,440.85,1
796124,2019-12-30,440.85,1
796124,2020-05-05,440.72,1
796289,2009-07-08,385.22,1
796289,2009-09-13,385.3,1
796289,2009-11-25,385.02,1
796289,2010-11-15,385.84,1
796289,2011-04-27,385.31,1
796289,2011-05-23,385.27,1
796289,2011-08-01,385.02,1
796289,2011-09-18,385.55,1
796289,2011-11-05,385.52,1
796289,2013-09-04,386.08,1
796289,2014-02-09,387.75,1
796289,2014-05-22,387.38,1
796289,2014-09-10,387.35,1
796289,2014-11-07,387.25,1
796289,2015-03-01,387.0,1
796289,2015-06-27,386.92,1
796289,2015-09-07,387.02,1
796289,2015-10-23,386.9,1
796289,2016-01-19,386.75,1
796289,2016-07-23,386.76,1
796289,2018-07-31,386.85,1
796289,2018-11-25,386.32,1
796289,2018-12-31,386.7,1
796289,2019-03-23,386.85,1
796289,2019-11-06,386.85,1
796289,2019-12-30,386.85,1
796289,2020-05-06,388.4,1
796291,2008-12-31,407.2,1
796291,2009-09-17,407.21,1
796291,2009-11-25,407.15,1
796291,2010-11-12,407.35,1
796291,2011-04-16,407.72,1
796291,2011-05-27,407.78,1
796291,2011-07-28,407.76,1
796291,2011-09-14,407.92,1
796291,2011-11-12,408.12,1
796291,2013-08-31,408.08,1
796291,2014-02-09,408.83,1
796291,2014-05-30,408.56,1
796291,2014-09-05,406.5,1
796291,2014-11-07,408.52,1
796291,2015-03-01,408.63,1
796291,2015-06-26,408.48,1
796291,2015-09-05,408.92,1
796291,2015-10-21,409.28,1
796291,2016-01-22,409.1,1
796291,2016-07-26,408.92,1
796291,2018-07-30,409.38,1
796291,2018-11-25,412.78,1
796291,2018-12-30,409.71,1
796291,2019-03-22,409.38,1
796291,2019-11-05,409.38,1
796291,2019-12-30,409.38,1
796291,2020-05-06,409.72,1
796292,2009-01-09,363.85,1
796292,2009-09-05,364.49,1
796292,2009-11-24,364.11,1
796292,2010-11-09,364.51,1
796292,2011-04-16,364.63,1
796292,2011-05-26,364.6,1
796292,2011-07-28,364.76,1
796292,2011-09-19,364.82,1
796292,2011-11-12,364.92,1
796292,2013-08-31,363.86,1
796292,2014-05-30,364.47,1
796292,2014-09-05,364.71,1
796292,2014-11-07,364.88,1
796292,2015-03-01,364.68,1
796292,2015-06-26,364.66,1
796292,2015-09-05,364.91,1
796292,2015-10-21,364.96,1
796292,2016-01-22,365.31,1
796292,2016-07-20,364.95,1
796292,2018-07-30,365.15,1
796292,2018-11-24,365.84,1
796292,2018-12-30,365.91,1
796292,2019-03-22,365.15,1
796292,2019-11-05,365.15,1
796292,2019-12-29,365.15,1
796292,2020-05-04,365.67,1
796293,2009-07-07,356.08,1
796293,2009-09-09,355.33,1
796293,2009-11-25,356.08,1
796293,2010-11-16,357.4,1
796293,2011-04-27,356.93,1
796293,2011-05-23,356.98,1
796293,2011-08-01,357.03,1
796293,2011-09-18,357.28,1
796293,2011-11-05,357.23,1
796293,2013-09-04,356.81,1
796293,2014-02-17,357.66,1
796293,2014-06-05,357.61,1
796293,2014-09-09,357.88,1
796293,2014-11-15,359.89,1
796293,2015-03-28,357.78,1
796293,2015-06-28,357.66,1
796293,2015-09-04,358.04,1
796293,2015-10-20,358.18,1
796293,2016-01-21,357.98,1
796293,2016-07-20,358.11,1
796293,2018-07-29,358.71,1
796293,2018-11-23,359.16,1
796293,2018-12-29,359.09,1
796293,2019-03-21,358.71,1
796293,2019-11-04,358.71,1
796293,2019-12-28,358.71,1
796293,2020-05-04,358.88,1
796294,2009-01-20,323.12,1
796294,2009-09-05,323.17,1
796294,2009-12-03,323.12,1
796294,2010-11-09,323.02,1
796294,2011-04-16,323.85,1
796294,2011-05-26,323.72,1
796294,2011-07-28,323.8,1
796294,2011-09-11,323.9,1
796294,2011-11-11,323.82,1
796294,2013-08-30,322.85,1
796294,2014-02-06,323.89,1
796294,2014-05-29,323.68,1
796294,2014-09-06,323.8,1
796294,2014-11-06,323.91,1
796294,2015-03-27,323.96,1
796294,2015-06-25,323.96,1
796294,2015-09-03,324.1,1
796294,2015-10-20,324.14,1
796294,2016-01-20,324.18,1
796294,2016-07-25,323.93,1
796294,2018-07-28,324.37,1
796294,2018-11-22,324.37,1
796294,2018-12-29,324.29,1
796294,2019-03-21,324.37,1
796294,2019-11-04,324.37,1
796294,2019-12-28,324.37,1
796294,2020-05-03,324.26,1
796296,2009-07-07,374.29,1
796296,2011-04-27,375.39,1
796296,2011-05-23,375.36,1
796296,2011-08-01,375.39,1
796296,2011-09-18,375.63,1
796296,2011-11-05,375.39,1
796296,2013-09-04,375.03,1
796296,2014-02-17,375.47,1
796296,2014-11-15,375.53,1
796296,2015-02-27,375.47,1
796296,2015-06-28,375.2,1
796296,2015-09-04,375.84,1
796296,2015-10-21,375.69,1
796296,2016-01-21,375.62,1
796296,2016-07-19,375.91,1
796296,2018-11-23,373.91,1
796296,2018-12-30,372.85,1
796296,2019-03-22,378.05,1
796296,2019-11-04,378.05,1
796296,2019-12-29,378.05,1
796296,2020-05-04,372.46,1
796297,2009-06-10,412.07,1
796297,2011-04-14,413.05,1
796297,2011-05-24,413.01,1
796297,2011-07-25,412.87,1
796297,2011-09-09,413.46,1
796297,2011-11-09,413.18,1
796297,2013-08-27,411.73,1
796297,2014-02-06,413.13,1
796297,2014-05-26,412.91,1
796297,2014-09-02,413.15,1
796297,2014-11-04,413.22,1
796297,2015-02-27,412.92,1
796297,2015-06-24,412.77,1
796297,2015-09-02,413.24,1
796297,2015-10-19,413.39,1
796297,2016-01-20,413.18,1
796297,2016-07-19,413.31,1
796297,2018-07-27,413.5,1
796297,2018-11-21,413.58,1
796297,2018-12-27,413.6,1
796297,2019-03-22,413.5,1
796297,2019-11-03,413.5,1
796297,2019-12-26,413.5,1
796297,2020-05-03,413.38,1
796298,2009-06-10,360.02,1
796298,2009-09-09,358.61,1
796298,2009-12-01,359.07,1
796298,2010-11-16,361.02,1
796298,2011-04-14,360.77,1
796298,2011-05-24,360.74,1
796298,2011-07-26,360.71,1
796298,2011-09-09,360.72,1
796298,2011-11-09,360.62,1
796298,2013-08-27,360.02,1
796298,2014-02-06,360.96,1
796298,2014-05-26,360.82,1
796298,2014-09-02,360.83,1
796298,2014-11-04,361.03,1
796298,2015-03-26,361.0,1
796298,2015-06-24,360.92,1
796298,2015-09-03,360.95,1
796298,2015-10-19,360.98,1
796298,2016-01-20,360.9,1
796298,2016-07-19,360.5,1
796298,2018-07-27,361.45,1
796298,2018-11-22,361.43,1
796298,2018-12-27,361.42,1
796298,2019-03-20,361.45,1
796298,2019-11-03,361.45,1
796298,2019-12-26,361.45,1
796298,2020-05-03,361.86,1
796300,2009-03-22,355.99,1
796300,2009-09-06,356.07,1
796300,2009-12-01,355.94,1
796300,2010-11-08,355.74,1
796300,2011-04-14,356.42,1
796300,2011-05-24,356.29,1
796300,2011-07-26,356.23,1
796300,2011-09-09,356.36,1
796300,2011-11-09,356.14,1
796300,2013-08-27,355.63,1
796300,2014-02-06,356.35,1
796300,2014-05-26,366.25,1
796300,2014-09-03,356.28,1
796300,2014-11-04,356.41,1
796300,2015-03-27,355.43,1
796300,2015-06-24,356.25,1
796300,2015-09-03,356.47,1
796300,2015-10-20,356.46,1
796300,2016-01-20,356.36,1
796300,2016-07-24,356.48,1
796300,2018-07-28,357.09,1
796300,2018-11-22,357.0,1
796300,2018-12-27,356.96,1
796300,2019-03-20,357.09,1
796300,2019-11-03,357.09,1
796300,2019-12-26,357.09,1
796300,2020-05-03,357.34,1
796301,2009-03-27,343.1,1
796301,2009-09-06,343.14,1
796301,2009-12-02,343.05,1
796301,2010-11-09,342.75,1
796301,2011-04-16,343.22,1
796301,2011-05-26,343.2,1
796301,2011-07-28,343.19,1
796301,2011-09-11,343.09,1
796301,2011-11-11,343.09,1
796301,2013-08-30,341.85,1
796301,2014-02-06,342.76,1
796301,2014-05-29,342.58,1
796301,2014-09-05,342.42,1
796301,2014-11-06,342.46,1
796301,2015-03-27,342.09,1
796301,2015-06-25,341.99,1
796301,2015-09-03,342.02,1
796301,2015-10-20,342.06,1
796301,2016-01-20,341.99,1
796301,2016-07-24,341.87,1
796301,2018-07-28,342.32,1
796301,2018-11-22,342.22,1
796301,2018-12-29,342.06,1
796301,2019-03-21,342.32,1
796301,2019-11-03,342.32,1
796301,2019-12-28,342.32,1
796301,2020-05-03,341.68,1
796686,2014-02-06,375.9,1
796686,2014-05-26,375.7,1
796686,2014-09-02,375.74,1
796686,2014-11-04,375.72,1
796686,2015-03-26,375.44,1
796686,2015-06-24,375.36,1
796686,2015-09-02,375.54,1
796686,2015-10-19,375.68,1
796686,2016-01-20,375.66,1
796686,2016-07-23,375.57,1
796686,2018-07-27,377.15,1
796686,2018-11-22,376.42,1
796686,2018-12-27,376.36,1
796686,2019-03-20,377.15,1
796686,2019-11-03,377.15,1
796686,2019-12-26,377.15,1
796686,2020-05-03,376.67,1
796688,2014-02-06,379.31,1
796688,2014-05-26,379.14,1
796688,2014-09-02,379.1,1
796688,2014-11-04,379.05,1
796688,2015-03-27,378.85,1
796688,2015-06-24,378.74,1
796688,2015-09-03,379.12,1
796688,2015-10-20,379.3,1
796688,2016-01-20,379.18,1
796688,2016-07-24,379.16,1
796688,2018-07-27,378.37,1
796688,2018-11-22,379.43,1
796688,2018-12-27,379.48,1
796688,2019-03-20,378.37,1
796688,2019-11-03,378.37,1
796688,2019-12-26,378.37,1
796688,2020-05-03,379.5,1
796691,2014-02-06,392.03,1
796691,2015-03-26,393.03,1
796691,2015-06-26,393.09,1
796691,2015-09-02,392.83,1
796691,2015-10-19,392.93,1
796691,2016-01-20,393.16,1
796691,2016-07-23,392.88,1
796691,2018-07-27,393.27,1
796691,2018-11-21,391.14,1
796691,2018-12-27,394.11,1
796691,2019-03-20,393.27,1
796691,2019-11-03,393.27,1
796691,2019-12-26,393.27,1
796691,2020-05-03,392.99,1
796692,2014-02-09,384.44,1
796692,2014-05-30,384.21,1
796692,2014-09-06,384.36,1
796692,2014-11-07,384.27,1
796692,2015-03-01,384.27,1
796692,2015-06-27,385.07,1
796692,2015-09-05,384.36,1
796692,2015-10-21,384.35,1
796692,2016-01-22,384.19,1
796692,2016-07-25,384.34,1
796693,2014-02-08,371.87,1
796693,2014-05-29,371.57,1
796693,2014-09-06,372.23,1
796693,2014-11-06,371.97,1
796693,2015-03-27,371.39,1
796693,2015-06-25,371.27,1
796693,2015-09-03,371.91,1
796693,2015-10-20,371.79,1
796693,2016-01-21,371.53,1
796693,2016-07-25,371.64,1
796693,2018-07-28,372.72,1
796693,2018-11-22,371.81,1
796693,2018-12-29,371.76,1
796693,2019-03-21,372.72,1
796693,2019-11-04,372.72,1
796693,2019-12-28,372.72,1
796693,2020-05-04,371.58,1
796694,2014-02-15,358.88,1
796694,2014-06-05,358.75,1
796694,2014-09-09,359.09,1
796694,2014-11-15,359.04,1
796694,2015-03-28,358.72,1
796694,2015-06-28,358.61,1
796694,2015-09-04,358.76,1
796694,2015-10-20,358.73,1
796694,2016-01-21,358.58,1
796694,2016-07-24,359.01,1
796695,2014-02-09,397.89,1
796695,2014-05-30,397.67,1
796695,2014-09-05,397.81,1
796695,2014-11-07,397.66,1
796695,2015-03-01,396.68,1
796695,2015-06-26,397.32,1
796695,2015-09-05,398.16,1
796695,2015-10-21,398.12,1
796695,2016-01-22,397.89,1
796695,2016-07-26,398.03,1
796695,2018-07-30,398.16,1
796695,2018-11-25,398.4,1
796695,2018-12-30,398.34,1
796695,2019-03-22,398.16,1
796695,2019-11-05,398.16,1
796695,2019-12-29,398.16,1
796695,2020-05-06,398.24,1
796696,2014-02-09,401.2,1
796696,2014-05-30,400.93,1
796696,2014-09-05,401.1,1
796696,2014-11-07,400.94,1
796696,2015-03-01,400.82,1
796696,2015-06-26,400.68,1
796696,2015-09-05,400.94,1
796696,2015-10-21,401.08,1
796696,2016-01-22,400.97,1
796696,2016-07-25,400.95,1
796696,2018-07-30,401.05,1
796696,2018-11-25,404.33,1
796696,2018-12-30,401.72,1
796696,2019-03-22,401.05,1
796696,2019-11-05,401.05,1
796696,2019-12-29,401.05,1
796696,2020-05-04,401.95,1
796697,2014-02-08,420.06,1
796697,2014-06-04,419.81,1
796697,2014-09-08,419.95,1
796697,2014-11-14,419.83,1
796697,2015-02-28,419.7,1
796697,2015-07-27,419.59,1
796697,2015-09-06,419.83,1
796697,2015-10-22,419.8,1
796697,2016-01-22,419.85,1
796697,2016-07-26,419.81,1
796697,2018-07-31,419.61,1
796697,2018-11-24,419.56,1
796697,2018-12-31,419.64,1
796697,2019-03-23,419.61,1
796697,2019-11-06,419.61,1
796697,2019-12-30,419.61,1
796697,2020-05-05,419.7,1
796699,2014-02-08,370.57,1
796699,2014-05-29,371.39,1
796699,2014-09-06,371.59,1
796699,2014-11-06,371.47,1
796699,2015-03-27,371.32,1
796699,2015-06-28,371.15,1
796699,2015-09-03,371.67,1
796699,2015-10-20,371.73,1
796699,2016-01-21,371.45,1
796699,2016-07-24,371.63,1
796699,2018-07-28,371.17,1
796699,2018-11-23,371.53,1
796699,2018-12-29,371.45,1
796699,2019-03-21,371.17,1
796699,2019-11-04,371.17,1
796699,2019-12-28,371.17,1
796699,2020-05-04,371.38,1
796701,2014-02-16,414.33,1
796701,2014-06-04,414.07,1
796701,2014-09-08,413.9,1
796701,2014-11-14,414.1,1
796701,2015-02-28,413.92,1
796701,2015-06-27,413.66,1
796701,2015-09-06,413.85,1
796701,2015-10-22,413.97,1
796701,2016-01-22,413.79,1
796701,2016-07-20,413.7,1
796701,2018-07-31,413.52,1
796701,2018-11-24,412.98,1
796701,2018-12-31,413.95,1
796701,2019-03-23,413.52,1
796701,2019-11-06,413.52,1
796701,2019-12-30,413.52,1
796701,2020-05-05,413.69,1
796702,2014-02-09,408.4,1
796702,2014-05-22,407.24,1
796702,2014-09-10,407.43,1
796702,2014-11-07,407.33,1
796702,2015-03-01,407.19,1
796702,2015-06-27,407.18,1
796702,2015-09-07,407.25,1
796702,2015-10-23,407.21,1
796702,2016-01-19,397.93,1
796702,2016-07-23,407.2,1
796702,2018-07-31,407.53,1
796702,2018-11-25,407.61,1
796702,2018-12-31,407.52,1
796702,2019-03-23,407.53,1
796702,2019-11-06,407.53,1
796702,2019-12-30,407.53,1
796702,2020-05-06,407.56,1
796704,2014-02-09,401.79,1
796704,2014-05-30,401.54,1
796704,2014-09-05,401.79,1
796704,2014-11-07,401.59,1
796704,2015-03-01,401.34,1
796704,2015-06-27,401.13,1
796704,2015-09-07,401.86,1
796704,2015-10-23,401.65,1
796704,2016-01-19,401.42,1
796704,2016-07-26,401.5,1
796704,2018-07-31,401.47,1
796704,2018-11-25,401.48,1
796704,2018-12-30,401.51,1
796704,2019-03-22,401.47,1
796704,2019-11-06,401.47,1
796704,2019-12-30,401.47,1
796704,2020-05-05,401.12,1
796705,2014-02-09,396.29,1
796705,2014-05-22,395.04,1
796705,2014-09-10,397.24,1
796705,2014-11-07,396.97,1
796705,2015-03-01,396.21,1
796705,2015-06-24,394.98,1
796705,2015-09-02,396.1,1
796705,2015-10-19,397.24,1
796705,2016-01-19,396.57,1
796705,2016-07-23,395.82,1
796705,2018-07-27,397.66,1
796705,2018-11-21,397.18,1
796705,2018-12-27,396.88,1
796705,2019-03-20,397.66,1
796705,2019-11-03,397.66,1
796705,2019-12-26,397.66,1
796705,2020-05-03,395.66,1
796706,2014-02-06,402.01,1
796706,2014-05-22,401.76,1
796706,2014-09-10,402.11,1
796706,2014-11-04,402.03,1
796706,2015-03-01,401.71,1
796706,2015-06-24,401.64,1
796706,2015-09-02,401.86,1
796706,2015-10-19,401.94,1
796707,2014-02-16,393.3,1
796707,2014-05-30,393.05,1
796707,2014-09-05,392.98,1
796707,2014-11-07,392.99,1
796707,2015-03-01,392.84,1
796707,2015-06-26,392.7,1
796707,2015-09-05,392.86,1
796707,2015-10-21,393.05,1
796707,2016-01-22,392.88,1
796707,2016-07-25,392.73,1
796708,2014-02-16,407.81,1
796708,2014-05-30,407.62,1
796708,2014-09-06,407.69,1
796708,2014-11-14,407.61,1
796708,2015-02-28,407.34,1
796708,2015-06-27,407.21,1
796708,2015-09-05,407.45,1
796708,2015-10-22,407.47,1
796708,2016-01-22,407.19,1
796708,2016-07-20,407.16,1
796708,2018-07-30,407.13,1
796708,2018-11-24,407.63,1
796708,2018-12-30,407.54,1
796708,2019-03-22,407.13,1
796708,2019-11-05,407.13,1
796708,2019-12-30,407.13,1
796708,2020-05-05,407.09,1
796710,2014-02-14,446.28,1
796710,2014-06-03,446.22,1
796710,2014-09-08,446.15,1
796710,2014-11-13,446.02,1
796710,2016-01-23,445.84,1
796710,2016-07-28,444.17,1
796710,2018-07-31,448.39,1
796710,2018-11-25,445.65,1
796710,2018-12-31,445.65,1
796710,2019-03-23,448.39,1
796710,2019-11-06,448.39,1
796710,2019-12-29,448.39,1
796710,2020-05-06,448.28,1
796738,2014-03-18,411.35,1
796738,2014-09-08,411.81,1
796738,2014-11-13,411.39,1
796738,2015-02-26,411.05,1
796738,2015-07-03,410.84,1
796738,2015-09-06,411.83,1
796738,2015-10-23,411.4,1
796738,2016-01-22,410.84,1
796738,2016-07-20,410.98,1
796738,2018-07-31,410.92,1
796738,2018-11-25,410.88,1
796738,2018-12-31,410.78,1
796738,2019-03-23,410.92,1
796738,2019-11-06,410.92,1
796738,2019-12-30,410.92,1
796738,2020-05-06,410.38,1
796739,2014-03-18,375.74,1
796739,2014-09-05,375.55,1
796739,2014-11-13,375.75,1
796739,2015-03-28,375.55,1
796739,2015-06-27,375.48,1
796739,2015-09-05,375.49,1
796739,2015-10-22,375.66,1
796739,2016-01-22,375.68,1
796739,2016-07-26,374.96,1
796739,2018-07-30,375.33,1
796739,2018-11-24,368.56,1
796739,2019-03-22,375.33,1
796739,2019-11-06,375.33,1
796739,2019-12-30,375.33,1
796739,2020-05-05,385.93,1
796740,2014-09-05,367.2,1
796740,2014-11-06,367.26,1
796740,2015-02-27,366.94,1
796740,2015-06-26,366.73,1
796740,2015-09-04,366.92,1
796740,2015-10-21,367.05,1
796740,2016-01-21,366.77,1
796740,2016-07-25,366.99,1
796740,2018-07-29,366.79,1
796740,2018-11-23,366.92,1
796740,2018-12-30,366.81,1
796740,2019-03-21,366.79,1
796740,2019-11-04,366.79,1
796740,2019-12-29,366.79,1
796740,2020-05-04,366.46,1
796916,2014-10-23,377.04,1
796916,2015-02-27,378.94,1
796916,2015-06-28,378.73,1
796916,2015-09-04,379.05,1
796916,2015-10-21,379.01,1
796916,2016-01-21,378.93,1
796945,2014-10-26,419.4,1
796945,2015-02-27,419.35,1
796945,2015-09-02,419.54,1
796945,2015-10-19,419.48,1
796945,2016-01-20,419.41,1
796945,2016-07-19,419.58,1
796945,2018-11-21,419.61,1
796945,2018-12-27,419.61,1
796945,2019-03-22,421.98,1
796945,2019-11-03,421.98,1
796945,2019-12-26,421.98,1
796945,2020-05-03,419.6,1
799603,2015-02-26,394.07,1
799603,2015-06-27,393.18,1
799603,2015-09-07,394.42,1
799603,2015-10-23,394.32,1
799603,2016-01-19,394.14,1
799603,2016-07-26,394.05,1
799603,2018-07-31,392.45,1
799603,2018-11-25,394.12,1
799603,2018-12-30,392.98,1
799603,2019-03-22,392.45,1
799603,2019-11-06,392.45,1
799603,2019-12-30,392.45,1
799603,2020-05-05,393.37,1
DB0001,2015-02-23,200.55,3
DB0001,2015-03-30,200.47,3
DB0001,2015-06-16,200.35,3
DB0001,2015-08-30,200.98,3
DB0001,2015-10-19,200.98,3
DB0001,2016-01-22,200.64,3
DB0001,2016-07-15,200.29,3
DB0001,2018-08-07,200.66,3
DB0001,2018-11-01,200.45,3
DB0001,2019-01-07,200.57,3
DB0001,2019-03-27,200.18,3
DB0001,2019-07-20,200.25,3
DB0002,2015-02-23,199.62,3
DB0002,2015-03-30,199.12,3
DB0002,2015-06-16,199.51,3
DB0002,2015-08-30,199.83,3
DB0002,2015-10-19,200.01,3
DB0002,2016-01-22,199.78,3
DB0002,2016-07-15,199.44,3
DB0002,2018-08-07,199.22,3
DB0002,2018-11-01,199.63,3
DB0002,2019-01-07,199.49,3
DB0002,2019-03-28,199.18,3
DB0002,2019-07-20,199.33,3
DB0003,2015-02-23,200.94,3
DB0003,2015-03-30,200.82,3
DB0003,2015-06-16,200.66,3
DB0003,2015-08-30,201.35,3
DB0003,2015-10-19,201.4,3
DB0003,2016-01-22,201.04,3
DB0003,2016-07-26,200.92,3
DB0003,2019-07-19,205.37,3
DB0004,2015-02-24,189.6,3
DB0004,2015-03-30,189.55,3
DB0004,2015-08-30,190.13,3
DB0004,2015-10-19,190.02,3
DB0004,2016-01-22,190.01,3
DB0004,2016-07-26,189.73,3
DB0004,2018-08-07,189.62,3
DB0004,2018-11-01,190.1,3
DB0004,2019-01-07,189.76,3
DB0004,2019-03-28,189.28,3
DB0004,2019-07-20,189.82,3
DB0006,2015-02-25,184.79,3
DB0006,2015-03-30,184.7,3
DB0006,2015-06-17,184.65,3
DB0006,2015-08-30,184.94,3
DB0006,2015-10-22,185.07,3
DB0006,2016-01-22,184.84,3
DB0006,2016-07-27,184.84,3
DB0006,2018-08-08,184.93,3
DB0006,2018-11-01,185.16,3
DB0006,2019-01-07,184.88,3
DB0006,2019-03-28,184.55,3
DB0006,2019-07-20,184.86,3
DB0007,2015-02-25,176.71,3
DB0007,2015-03-31,176.6,3
DB0007,2015-06-18,176.44,3
DB0007,2015-08-31,177.14,3
DB0007,2015-10-22,177.25,3
DB0007,2016-01-23,176.87,3
DB0007,2016-07-26,176.71,3
DB0007,2018-08-08,176.87,3
DB0007,2018-11-01,176.85,3
DB0007,2019-01-07,176.89,3
DB0007,2019-03-28,176.56,3
DB0007,2019-07-20,177.01,3
DB0008,2015-03-31,176.19,3
DB0008,2015-06-18,176.09,3
DB0008,2015-08-31,177.45,3
DB0008,2015-10-22,176.52,3
DB0008,2016-01-23,176.06,3
DB0008,2016-07-27,176.46,3
DB0008,2018-08-08,176.99,3
DB0008,2018-11-01,176.82,3
DB0008,2019-01-07,176.37,3
DB0008,2019-03-28,176.31,3
DB0008,2019-07-20,176.9,3
DB0009,2015-02-25,182.44,3
DB0009,2015-03-31,182.34,3
DB0009,2015-06-18,182.23,3
DB0009,2015-10-22,183.67,3
DB0009,2016-01-24,182.49,3
DB0009,2016-07-16,183.31,3
DB0009,2019-01-08,182.39,3
DB0009,2019-03-29,182.26,3
DB0010,2015-02-24,173.41,3
DB0010,2015-03-31,173.3,3
DB0010,2015-06-18,173.29,3
DB0010,2015-08-31,174.06,3
DB0010,2015-10-22,174.27,3
DB0010,2016-01-23,173.78,3
DB0010,2016-07-16,173.43,3
DB0010,2018-08-08,173.8,3
DB0010,2018-11-02,174.24,3
DB0010,2019-01-08,173.85,3
DB0010,2019-03-28,173.45,3
DB0010,2019-07-21,173.7,3
K00002,2016-01-21,318.49,1
K00002,2016-07-25,319.94,1
K00002,2018-07-28,320.77,1
K00002,2018-11-23,320.09,1
K00002,2018-12-29,362.99,1
K00002,2019-03-21,320.77,1
K00002,2019-11-04,320.77,1
K00002,2019-12-28,320.77,1
K00002,2020-05-03,320.67,1
K00003,2016-01-21,314.93,1
K00003,2016-07-26,317.99,1
K00003,2018-07-28,318.38,1
K00003,2018-11-23,318.36,1
K00003,2018-12-29,359.56,1
K00003,2019-03-22,318.38,1
K00003,2019-11-04,318.38,1
K00003,2019-12-28,318.38,1
K00003,2020-05-03,316.85,1
K00004,2016-01-21,332.01,1
K00004,2016-07-27,332.6,1
K00004,2018-07-29,335.07,1
K00004,2018-11-23,332.86,1
K00004,2018-12-29,369.3,1
K00004,2019-03-22,335.07,1
K00004,2019-11-05,335.07,1
K00004,2019-12-28,335.07,1
M0001,2015-03-27,340.26,2
M0002,2015-02-24,333.05,2
M0002,2015-03-28,332.97,2
M0002,2015-06-14,332.85,2
M0002,2015-08-31,333.7,2
M0002,2015-10-30,334.34,2
M0002,2016-01-19,333.68,2
M0002,2016-07-17,333.49,2
M0002,2018-08-16,333.1,2
M0002,2018-11-21,333.77,2
M0002,2018-12-30,333.47,2
M0002,2019-03-24,332.89,2